date,prediction,confidence,rsi,vix,position_before,action,reason
2023-01-04,UP,0.4487,23.29,22.01,0,BUY,"UP predicted (conf=0.45), RSI=23.3 oversold, VIX=22.0 calm"
2023-01-05,UP,0.4764,23.9,22.46,1,HOLD,"HOLD — pred=UP, conf=0.48, RSI=23.9, VIX=22.5, position=1"
2023-01-06,UP,0.4533,39.49,21.13,1,HOLD,"HOLD — pred=UP, conf=0.45, RSI=39.5, VIX=21.1, position=1"
2023-01-09,UP,0.4475,43.03,21.97,1,HOLD,"HOLD — pred=UP, conf=0.45, RSI=43.0, VIX=22.0, position=1"
2023-01-10,UP,0.4665,47.24,20.58,1,HOLD,"HOLD — pred=UP, conf=0.47, RSI=47.2, VIX=20.6, position=1"
2023-01-11,UP,0.4533,51.84,21.09,1,HOLD,"HOLD — pred=UP, conf=0.45, RSI=51.8, VIX=21.1, position=1"
2023-01-12,NEUTRAL,0.3609,46.52,18.83,1,HOLD,"HOLD — pred=NEUTRAL, conf=0.36, RSI=46.5, VIX=18.8, position=1"
2023-01-13,UP,0.4505,54.61,18.35,1,HOLD,"HOLD — pred=UP, conf=0.45, RSI=54.6, VIX=18.4, position=1"
2023-01-17,UP,0.4146,57.21,19.36,1,HOLD,"HOLD — pred=UP, conf=0.41, RSI=57.2, VIX=19.4, position=1"
2023-01-18,UP,0.3413,59.53,20.34,1,HOLD,"HOLD — pred=UP, conf=0.34, RSI=59.5, VIX=20.3, position=1"
2023-01-19,NEUTRAL,0.3504,69.85,20.52,1,HOLD,"HOLD — pred=NEUTRAL, conf=0.35, RSI=69.8, VIX=20.5, position=1"
2023-01-20,DOWN,0.3872,68.54,19.85,1,HOLD,"HOLD — pred=DOWN, conf=0.39, RSI=68.5, VIX=19.9, position=1"
2023-01-23,DOWN,0.4309,72.18,19.81,1,SELL,"DOWN predicted (conf=0.43), RSI=72.2"
2023-01-24,DOWN,0.3912,90.12,19.2,0,HOLD,"HOLD — pred=DOWN, conf=0.39, RSI=90.1, VIX=19.2, position=0"
2023-01-25,DOWN,0.3548,86.66,19.08,0,HOLD,"HOLD — pred=DOWN, conf=0.35, RSI=86.7, VIX=19.1, position=0"
2023-01-26,DOWN,0.3935,93.24,18.73,0,HOLD,"HOLD — pred=DOWN, conf=0.39, RSI=93.2, VIX=18.7, position=0"
2023-01-27,DOWN,0.412,92.32,18.51,0,HOLD,"HOLD — pred=DOWN, conf=0.41, RSI=92.3, VIX=18.5, position=0"
2023-01-30,DOWN,0.3904,79.65,19.94,0,HOLD,"HOLD — pred=DOWN, conf=0.39, RSI=79.6, VIX=19.9, position=0"
2023-01-31,DOWN,0.4176,80.29,19.4,0,HOLD,"HOLD — pred=DOWN, conf=0.42, RSI=80.3, VIX=19.4, position=0"
2023-02-01,DOWN,0.4664,78.76,17.87,0,HOLD,"HOLD — pred=DOWN, conf=0.47, RSI=78.8, VIX=17.9, position=0"
2023-02-02,DOWN,0.5125,83.39,18.73,0,HOLD,"HOLD — pred=DOWN, conf=0.51, RSI=83.4, VIX=18.7, position=0"
2023-02-03,UP,0.4739,84.75,18.33,0,HOLD,"HOLD — pred=UP, conf=0.47, RSI=84.8, VIX=18.3, position=0"
2023-02-06,DOWN,0.3706,76.33,19.43,0,HOLD,"HOLD — pred=DOWN, conf=0.37, RSI=76.3, VIX=19.4, position=0"
2023-02-07,DOWN,0.4998,80.21,18.66,0,HOLD,"HOLD — pred=DOWN, conf=0.50, RSI=80.2, VIX=18.7, position=0"
2023-02-08,DOWN,0.4105,73.89,19.63,0,HOLD,"HOLD — pred=DOWN, conf=0.41, RSI=73.9, VIX=19.6, position=0"
2023-02-09,DOWN,0.4141,69.52,20.71,0,HOLD,"HOLD — pred=DOWN, conf=0.41, RSI=69.5, VIX=20.7, position=0"
2023-02-10,UP,0.3694,66.65,20.53,0,HOLD,"HOLD — pred=UP, conf=0.37, RSI=66.6, VIX=20.5, position=0"
2023-02-13,UP,0.3996,68.14,20.34,0,HOLD,"HOLD — pred=UP, conf=0.40, RSI=68.1, VIX=20.3, position=0"
2023-02-14,DOWN,0.3647,68.18,18.91,0,HOLD,"HOLD — pred=DOWN, conf=0.36, RSI=68.2, VIX=18.9, position=0"
2023-02-15,DOWN,0.369,68.21,18.23,0,HOLD,"HOLD — pred=DOWN, conf=0.37, RSI=68.2, VIX=18.2, position=0"
2023-02-16,DOWN,0.3805,62.71,20.17,0,HOLD,"HOLD — pred=DOWN, conf=0.38, RSI=62.7, VIX=20.2, position=0"
2023-02-17,UP,0.365,66.44,20.02,0,HOLD,"HOLD — pred=UP, conf=0.37, RSI=66.4, VIX=20.0, position=0"
2023-02-21,DOWN,0.4183,56.79,22.87,0,HOLD,"HOLD — pred=DOWN, conf=0.42, RSI=56.8, VIX=22.9, position=0"
2023-02-22,UP,0.3695,55.82,22.29,0,HOLD,"HOLD — pred=UP, conf=0.37, RSI=55.8, VIX=22.3, position=0"
2023-02-23,NEUTRAL,0.3364,47.79,21.14,0,HOLD,"HOLD — pred=NEUTRAL, conf=0.34, RSI=47.8, VIX=21.1, position=0"
2023-02-24,DOWN,0.4361,35.42,21.67,0,HOLD,"HOLD — pred=DOWN, conf=0.44, RSI=35.4, VIX=21.7, position=0"
2023-02-27,DOWN,0.3737,42.65,20.95,0,HOLD,"HOLD — pred=DOWN, conf=0.37, RSI=42.7, VIX=21.0, position=0"
2023-02-28,DOWN,0.3984,34.04,20.7,0,HOLD,"HOLD — pred=DOWN, conf=0.40, RSI=34.0, VIX=20.7, position=0"
2023-03-01,DOWN,0.4266,35.04,20.58,0,HOLD,"HOLD — pred=DOWN, conf=0.43, RSI=35.0, VIX=20.6, position=0"
2023-03-02,DOWN,0.4047,38.67,19.59,0,HOLD,"HOLD — pred=DOWN, conf=0.40, RSI=38.7, VIX=19.6, position=0"
2023-03-03,DOWN,0.4644,50.04,18.49,0,HOLD,"HOLD — pred=DOWN, conf=0.46, RSI=50.0, VIX=18.5, position=0"
2023-03-06,DOWN,0.3982,49.96,18.61,0,HOLD,"HOLD — pred=DOWN, conf=0.40, RSI=50.0, VIX=18.6, position=0"
2023-03-07,DOWN,0.3866,47.05,19.59,0,HOLD,"HOLD — pred=DOWN, conf=0.39, RSI=47.1, VIX=19.6, position=0"
2023-03-08,NEUTRAL,0.3459,45.32,19.11,0,HOLD,"HOLD — pred=NEUTRAL, conf=0.35, RSI=45.3, VIX=19.1, position=0"
2023-03-09,DOWN,0.4345,44.21,22.61,0,HOLD,"HOLD — pred=DOWN, conf=0.43, RSI=44.2, VIX=22.6, position=0"
2023-03-10,UP,0.377,42.74,24.8,0,HOLD,"HOLD — pred=UP, conf=0.38, RSI=42.7, VIX=24.8, position=0"
2023-03-13,UP,0.4389,53.86,26.52,0,BUY,"UP predicted (conf=0.44), RSI=53.9 oversold, VIX=26.5 calm"
2023-03-14,DOWN,0.3977,56.7,23.73,1,HOLD,"HOLD — pred=DOWN, conf=0.40, RSI=56.7, VIX=23.7, position=1"
2023-03-15,DOWN,0.3944,56.55,26.14,1,HOLD,"HOLD — pred=DOWN, conf=0.39, RSI=56.6, VIX=26.1, position=1"
2023-03-16,DOWN,0.4356,66.58,22.99,1,SELL,"DOWN predicted (conf=0.44), RSI=66.6"
2023-03-17,UP,0.3772,63.01,25.51,0,HOLD,"HOLD — pred=UP, conf=0.38, RSI=63.0, VIX=25.5, position=0"
2023-03-20,UP,0.4006,67.17,24.15,0,HOLD,"HOLD — pred=UP, conf=0.40, RSI=67.2, VIX=24.1, position=0"
2023-03-21,NEUTRAL,0.3538,74.19,21.38,0,HOLD,"HOLD — pred=NEUTRAL, conf=0.35, RSI=74.2, VIX=21.4, position=0"
2023-03-22,DOWN,0.4127,70.05,22.26,0,HOLD,"HOLD — pred=DOWN, conf=0.41, RSI=70.1, VIX=22.3, position=0"
2023-03-23,DOWN,0.4465,65.37,22.61,0,HOLD,"HOLD — pred=DOWN, conf=0.45, RSI=65.4, VIX=22.6, position=0"
2023-03-24,DOWN,0.371,63.25,21.74,0,HOLD,"HOLD — pred=DOWN, conf=0.37, RSI=63.3, VIX=21.7, position=0"
2023-03-27,DOWN,0.3637,63.94,20.6,0,HOLD,"HOLD — pred=DOWN, conf=0.36, RSI=63.9, VIX=20.6, position=0"
2023-03-28,NEUTRAL,0.3883,60.25,19.97,0,HOLD,"HOLD — pred=NEUTRAL, conf=0.39, RSI=60.2, VIX=20.0, position=0"
2023-03-29,NEUTRAL,0.3965,71.07,19.12,0,HOLD,"HOLD — pred=NEUTRAL, conf=0.40, RSI=71.1, VIX=19.1, position=0"
2023-03-30,NEUTRAL,0.3831,79.29,19.02,0,HOLD,"HOLD — pred=NEUTRAL, conf=0.38, RSI=79.3, VIX=19.0, position=0"
2023-03-31,DOWN,0.3998,79.78,18.7,0,HOLD,"HOLD — pred=DOWN, conf=0.40, RSI=79.8, VIX=18.7, position=0"
2023-04-03,NEUTRAL,0.348,79.04,18.55,0,HOLD,"HOLD — pred=NEUTRAL, conf=0.35, RSI=79.0, VIX=18.5, position=0"
2023-04-04,NEUTRAL,0.4437,76.87,19.0,0,HOLD,"HOLD — pred=NEUTRAL, conf=0.44, RSI=76.9, VIX=19.0, position=0"
2023-04-05,DOWN,0.3942,67.55,19.08,0,HOLD,"HOLD — pred=DOWN, conf=0.39, RSI=67.6, VIX=19.1, position=0"
2023-04-06,NEUTRAL,0.3683,71.39,18.4,0,HOLD,"HOLD — pred=NEUTRAL, conf=0.37, RSI=71.4, VIX=18.4, position=0"
2023-04-10,NEUTRAL,0.4022,60.15,18.97,0,HOLD,"HOLD — pred=NEUTRAL, conf=0.40, RSI=60.1, VIX=19.0, position=0"
2023-04-11,NEUTRAL,0.4241,53.43,19.1,0,HOLD,"HOLD — pred=NEUTRAL, conf=0.42, RSI=53.4, VIX=19.1, position=0"
2023-04-12,NEUTRAL,0.4341,55.3,19.09,0,HOLD,"HOLD — pred=NEUTRAL, conf=0.43, RSI=55.3, VIX=19.1, position=0"
2023-04-13,DOWN,0.4294,62.86,17.8,0,HOLD,"HOLD — pred=DOWN, conf=0.43, RSI=62.9, VIX=17.8, position=0"
2023-04-14,UP,0.3433,60.0,17.07,0,HOLD,"HOLD — pred=UP, conf=0.34, RSI=60.0, VIX=17.1, position=0"
2023-04-17,DOWN,0.3978,65.21,16.95,0,HOLD,"HOLD — pred=DOWN, conf=0.40, RSI=65.2, VIX=17.0, position=0"
2023-04-18,NEUTRAL,0.4529,68.8,16.83,0,HOLD,"HOLD — pred=NEUTRAL, conf=0.45, RSI=68.8, VIX=16.8, position=0"
2023-04-19,NEUTRAL,0.4376,65.95,16.46,0,HOLD,"HOLD — pred=NEUTRAL, conf=0.44, RSI=66.0, VIX=16.5, position=0"
2023-04-20,NEUTRAL,0.4043,60.27,17.17,0,HOLD,"HOLD — pred=NEUTRAL, conf=0.40, RSI=60.3, VIX=17.2, position=0"
2023-04-21,DOWN,0.3771,50.3,16.77,0,HOLD,"HOLD — pred=DOWN, conf=0.38, RSI=50.3, VIX=16.8, position=0"
2023-04-24,NEUTRAL,0.4158,47.79,16.89,0,HOLD,"HOLD — pred=NEUTRAL, conf=0.42, RSI=47.8, VIX=16.9, position=0"
2023-04-25,NEUTRAL,0.4433,45.36,18.76,0,HOLD,"HOLD — pred=NEUTRAL, conf=0.44, RSI=45.4, VIX=18.8, position=0"
2023-04-26,NEUTRAL,0.4662,50.0,18.84,0,HOLD,"HOLD — pred=NEUTRAL, conf=0.47, RSI=50.0, VIX=18.8, position=0"
2023-04-27,DOWN,0.4052,58.55,17.03,0,HOLD,"HOLD — pred=DOWN, conf=0.41, RSI=58.5, VIX=17.0, position=0"
2023-04-28,NEUTRAL,0.368,68.6,15.78,0,HOLD,"HOLD — pred=NEUTRAL, conf=0.37, RSI=68.6, VIX=15.8, position=0"
2023-05-01,NEUTRAL,0.3706,72.62,16.08,0,HOLD,"HOLD — pred=NEUTRAL, conf=0.37, RSI=72.6, VIX=16.1, position=0"
2023-05-02,NEUTRAL,0.4159,71.33,17.78,0,HOLD,"HOLD — pred=NEUTRAL, conf=0.42, RSI=71.3, VIX=17.8, position=0"
2023-05-03,DOWN,0.4238,56.13,18.34,0,HOLD,"HOLD — pred=DOWN, conf=0.42, RSI=56.1, VIX=18.3, position=0"
2023-05-04,UP,0.3374,51.73,20.09,0,HOLD,"HOLD — pred=UP, conf=0.34, RSI=51.7, VIX=20.1, position=0"
2023-05-05,UP,0.4363,67.03,17.19,0,HOLD,"HOLD — pred=UP, conf=0.44, RSI=67.0, VIX=17.2, position=0"
2023-05-08,UP,0.3676,65.08,16.98,0,HOLD,"HOLD — pred=UP, conf=0.37, RSI=65.1, VIX=17.0, position=0"
2023-05-09,DOWN,0.3667,58.67,17.71,0,HOLD,"HOLD — pred=DOWN, conf=0.37, RSI=58.7, VIX=17.7, position=0"
2023-05-10,NEUTRAL,0.3745,63.99,16.94,0,HOLD,"HOLD — pred=NEUTRAL, conf=0.37, RSI=64.0, VIX=16.9, position=0"
2023-05-11,DOWN,0.3596,68.77,16.93,0,HOLD,"HOLD — pred=DOWN, conf=0.36, RSI=68.8, VIX=16.9, position=0"
2023-05-12,NEUTRAL,0.3425,65.66,17.03,0,HOLD,"HOLD — pred=NEUTRAL, conf=0.34, RSI=65.7, VIX=17.0, position=0"
2023-05-15,NEUTRAL,0.4175,68.71,17.12,0,HOLD,"HOLD — pred=NEUTRAL, conf=0.42, RSI=68.7, VIX=17.1, position=0"
2023-05-16,NEUTRAL,0.4807,68.74,17.99,0,HOLD,"HOLD — pred=NEUTRAL, conf=0.48, RSI=68.7, VIX=18.0, position=0"
2023-05-17,NEUTRAL,0.4373,62.03,16.87,0,HOLD,"HOLD — pred=NEUTRAL, conf=0.44, RSI=62.0, VIX=16.9, position=0"
2023-05-18,NEUTRAL,0.3611,64.12,16.05,0,HOLD,"HOLD — pred=NEUTRAL, conf=0.36, RSI=64.1, VIX=16.0, position=0"
2023-05-19,NEUTRAL,0.3933,64.61,16.81,0,HOLD,"HOLD — pred=NEUTRAL, conf=0.39, RSI=64.6, VIX=16.8, position=0"
2023-05-22,NEUTRAL,0.4382,64.9,17.21,0,HOLD,"HOLD — pred=NEUTRAL, conf=0.44, RSI=64.9, VIX=17.2, position=0"
2023-05-23,NEUTRAL,0.4251,60.18,18.53,0,HOLD,"HOLD — pred=NEUTRAL, conf=0.43, RSI=60.2, VIX=18.5, position=0"
2023-05-24,NEUTRAL,0.4553,65.73,20.03,0,HOLD,"HOLD — pred=NEUTRAL, conf=0.46, RSI=65.7, VIX=20.0, position=0"
2023-05-25,NEUTRAL,0.4184,48.72,19.14,0,HOLD,"HOLD — pred=NEUTRAL, conf=0.42, RSI=48.7, VIX=19.1, position=0"
2023-05-26,NEUTRAL,0.3537,56.91,17.95,0,HOLD,"HOLD — pred=NEUTRAL, conf=0.35, RSI=56.9, VIX=18.0, position=0"
2023-05-30,NEUTRAL,0.4207,68.2,17.46,0,HOLD,"HOLD — pred=NEUTRAL, conf=0.42, RSI=68.2, VIX=17.5, position=0"
2023-05-31,NEUTRAL,0.3588,63.93,17.94,0,HOLD,"HOLD — pred=NEUTRAL, conf=0.36, RSI=63.9, VIX=17.9, position=0"
2023-06-01,NEUTRAL,0.3835,69.63,15.65,0,HOLD,"HOLD — pred=NEUTRAL, conf=0.38, RSI=69.6, VIX=15.6, position=0"
2023-06-02,NEUTRAL,0.4018,75.12,14.6,0,HOLD,"HOLD — pred=NEUTRAL, conf=0.40, RSI=75.1, VIX=14.6, position=0"
2023-06-05,UP,0.4373,71.4,14.73,0,HOLD,"HOLD — pred=UP, conf=0.44, RSI=71.4, VIX=14.7, position=0"
2023-06-06,NEUTRAL,0.455,69.92,13.96,0,HOLD,"HOLD — pred=NEUTRAL, conf=0.45, RSI=69.9, VIX=14.0, position=0"
2023-06-07,NEUTRAL,0.4031,63.72,13.94,0,HOLD,"HOLD — pred=NEUTRAL, conf=0.40, RSI=63.7, VIX=13.9, position=0"
2023-06-08,NEUTRAL,0.4098,64.47,13.65,0,HOLD,"HOLD — pred=NEUTRAL, conf=0.41, RSI=64.5, VIX=13.6, position=0"
2023-06-09,NEUTRAL,0.4172,64.98,13.83,0,HOLD,"HOLD — pred=NEUTRAL, conf=0.42, RSI=65.0, VIX=13.8, position=0"
2023-06-12,DOWN,0.381,72.59,15.01,0,HOLD,"HOLD — pred=DOWN, conf=0.38, RSI=72.6, VIX=15.0, position=0"
2023-06-13,NEUTRAL,0.5256,80.81,14.61,0,HOLD,"HOLD — pred=NEUTRAL, conf=0.53, RSI=80.8, VIX=14.6, position=0"
2023-06-14,NEUTRAL,0.4521,81.16,13.88,0,HOLD,"HOLD — pred=NEUTRAL, conf=0.45, RSI=81.2, VIX=13.9, position=0"
2023-06-15,NEUTRAL,0.4099,82.01,14.5,0,HOLD,"HOLD — pred=NEUTRAL, conf=0.41, RSI=82.0, VIX=14.5, position=0"
2023-06-16,UP,0.4046,74.99,13.54,0,HOLD,"HOLD — pred=UP, conf=0.40, RSI=75.0, VIX=13.5, position=0"
2023-06-20,NEUTRAL,0.5158,72.4,13.88,0,HOLD,"HOLD — pred=NEUTRAL, conf=0.52, RSI=72.4, VIX=13.9, position=0"
2023-06-21,NEUTRAL,0.4949,68.42,13.2,0,HOLD,"HOLD — pred=NEUTRAL, conf=0.49, RSI=68.4, VIX=13.2, position=0"
2023-06-22,NEUTRAL,0.3841,68.77,12.91,0,HOLD,"HOLD — pred=NEUTRAL, conf=0.38, RSI=68.8, VIX=12.9, position=0"
2023-06-23,NEUTRAL,0.4121,66.03,13.44,0,HOLD,"HOLD — pred=NEUTRAL, conf=0.41, RSI=66.0, VIX=13.4, position=0"
2023-06-26,NEUTRAL,0.4121,65.88,14.25,0,HOLD,"HOLD — pred=NEUTRAL, conf=0.41, RSI=65.9, VIX=14.2, position=0"
2023-06-27,NEUTRAL,0.4827,71.77,13.74,0,HOLD,"HOLD — pred=NEUTRAL, conf=0.48, RSI=71.8, VIX=13.7, position=0"
2023-06-28,NEUTRAL,0.5285,78.39,13.43,0,HOLD,"HOLD — pred=NEUTRAL, conf=0.53, RSI=78.4, VIX=13.4, position=0"
2023-06-29,NEUTRAL,0.4695,75.45,13.54,0,HOLD,"HOLD — pred=NEUTRAL, conf=0.47, RSI=75.5, VIX=13.5, position=0"
2023-06-30,DOWN,0.3591,79.96,13.59,0,HOLD,"HOLD — pred=DOWN, conf=0.36, RSI=80.0, VIX=13.6, position=0"
2023-07-03,NEUTRAL,0.4798,71.26,13.57,0,HOLD,"HOLD — pred=NEUTRAL, conf=0.48, RSI=71.3, VIX=13.6, position=0"
2023-07-05,NEUTRAL,0.4512,69.06,14.18,0,HOLD,"HOLD — pred=NEUTRAL, conf=0.45, RSI=69.1, VIX=14.2, position=0"
2023-07-06,NEUTRAL,0.4055,68.82,15.44,0,HOLD,"HOLD — pred=NEUTRAL, conf=0.41, RSI=68.8, VIX=15.4, position=0"
2023-07-07,NEUTRAL,0.3717,61.7,14.83,0,HOLD,"HOLD — pred=NEUTRAL, conf=0.37, RSI=61.7, VIX=14.8, position=0"
2023-07-10,NEUTRAL,0.4428,58.81,15.07,0,HOLD,"HOLD — pred=NEUTRAL, conf=0.44, RSI=58.8, VIX=15.1, position=0"
2023-07-11,NEUTRAL,0.526,57.18,14.84,0,HOLD,"HOLD — pred=NEUTRAL, conf=0.53, RSI=57.2, VIX=14.8, position=0"
2023-07-12,NEUTRAL,0.441,63.2,13.54,0,HOLD,"HOLD — pred=NEUTRAL, conf=0.44, RSI=63.2, VIX=13.5, position=0"
2023-07-13,NEUTRAL,0.4468,58.97,13.61,0,HOLD,"HOLD — pred=NEUTRAL, conf=0.45, RSI=59.0, VIX=13.6, position=0"
2023-07-14,NEUTRAL,0.4106,60.25,13.34,0,HOLD,"HOLD — pred=NEUTRAL, conf=0.41, RSI=60.2, VIX=13.3, position=0"
2023-07-17,NEUTRAL,0.3968,70.32,13.48,0,HOLD,"HOLD — pred=NEUTRAL, conf=0.40, RSI=70.3, VIX=13.5, position=0"
2023-07-18,NEUTRAL,0.5534,64.98,13.3,0,HOLD,"HOLD — pred=NEUTRAL, conf=0.55, RSI=65.0, VIX=13.3, position=0"
2023-07-19,DOWN,0.427,65.31,13.76,0,HOLD,"HOLD — pred=DOWN, conf=0.43, RSI=65.3, VIX=13.8, position=0"
2023-07-20,NEUTRAL,0.3671,58.53,13.99,0,HOLD,"HOLD — pred=NEUTRAL, conf=0.37, RSI=58.5, VIX=14.0, position=0"
2023-07-21,UP,0.3772,44.22,13.6,0,HOLD,"HOLD — pred=UP, conf=0.38, RSI=44.2, VIX=13.6, position=0"
2023-07-24,NEUTRAL,0.4792,50.86,13.91,0,HOLD,"HOLD — pred=NEUTRAL, conf=0.48, RSI=50.9, VIX=13.9, position=0"
2023-07-25,NEUTRAL,0.5821,56.9,13.86,0,HOLD,"HOLD — pred=NEUTRAL, conf=0.58, RSI=56.9, VIX=13.9, position=0"
2023-07-26,NEUTRAL,0.5057,57.92,13.19,0,HOLD,"HOLD — pred=NEUTRAL, conf=0.51, RSI=57.9, VIX=13.2, position=0"
2023-07-27,NEUTRAL,0.4078,57.41,14.41,0,HOLD,"HOLD — pred=NEUTRAL, conf=0.41, RSI=57.4, VIX=14.4, position=0"
2023-07-28,NEUTRAL,0.3806,70.42,13.33,0,HOLD,"HOLD — pred=NEUTRAL, conf=0.38, RSI=70.4, VIX=13.3, position=0"
2023-07-31,NEUTRAL,0.5596,73.55,13.63,0,HOLD,"HOLD — pred=NEUTRAL, conf=0.56, RSI=73.6, VIX=13.6, position=0"
2023-08-01,NEUTRAL,0.5598,67.26,13.93,0,HOLD,"HOLD — pred=NEUTRAL, conf=0.56, RSI=67.3, VIX=13.9, position=0"
2023-08-02,DOWN,0.4147,55.32,16.09,0,HOLD,"HOLD — pred=DOWN, conf=0.41, RSI=55.3, VIX=16.1, position=0"
2023-08-03,DOWN,0.3601,51.17,15.92,0,HOLD,"HOLD — pred=DOWN, conf=0.36, RSI=51.2, VIX=15.9, position=0"
2023-08-04,UP,0.4755,27.2,17.1,0,BUY,"UP predicted (conf=0.48), RSI=27.2 oversold, VIX=17.1 calm"
2023-08-07,UP,0.4887,24.52,15.77,1,HOLD,"HOLD — pred=UP, conf=0.49, RSI=24.5, VIX=15.8, position=1"
2023-08-08,UP,0.5008,23.42,15.99,1,HOLD,"HOLD — pred=UP, conf=0.50, RSI=23.4, VIX=16.0, position=1"
2023-08-09,UP,0.4521,23.72,15.96,1,HOLD,"HOLD — pred=UP, conf=0.45, RSI=23.7, VIX=16.0, position=1"
2023-08-10,UP,0.4642,24.55,15.85,1,HOLD,"HOLD — pred=UP, conf=0.46, RSI=24.6, VIX=15.9, position=1"
2023-08-11,UP,0.4791,22.43,14.84,1,HOLD,"HOLD — pred=UP, conf=0.48, RSI=22.4, VIX=14.8, position=1"
2023-08-14,UP,0.4513,24.7,14.82,1,HOLD,"HOLD — pred=UP, conf=0.45, RSI=24.7, VIX=14.8, position=1"
2023-08-15,UP,0.37,20.65,16.46,1,HOLD,"HOLD — pred=UP, conf=0.37, RSI=20.6, VIX=16.5, position=1"
2023-08-16,UP,0.4033,20.94,16.78,1,HOLD,"HOLD — pred=UP, conf=0.40, RSI=20.9, VIX=16.8, position=1"
2023-08-17,UP,0.4694,11.71,17.89,1,HOLD,"HOLD — pred=UP, conf=0.47, RSI=11.7, VIX=17.9, position=1"
2023-08-18,UP,0.4959,11.3,17.3,1,HOLD,"HOLD — pred=UP, conf=0.50, RSI=11.3, VIX=17.3, position=1"
2023-08-21,UP,0.5122,15.83,17.13,1,HOLD,"HOLD — pred=UP, conf=0.51, RSI=15.8, VIX=17.1, position=1"
2023-08-22,UP,0.4602,21.96,16.97,1,HOLD,"HOLD — pred=UP, conf=0.46, RSI=22.0, VIX=17.0, position=1"
2023-08-23,UP,0.3904,33.34,15.98,1,HOLD,"HOLD — pred=UP, conf=0.39, RSI=33.3, VIX=16.0, position=1"
2023-08-24,UP,0.4643,39.25,17.2,1,HOLD,"HOLD — pred=UP, conf=0.46, RSI=39.3, VIX=17.2, position=1"
2023-08-25,UP,0.5418,50.0,15.68,1,HOLD,"HOLD — pred=UP, conf=0.54, RSI=50.0, VIX=15.7, position=1"
2023-08-28,UP,0.4517,51.28,15.08,1,HOLD,"HOLD — pred=UP, conf=0.45, RSI=51.3, VIX=15.1, position=1"
2023-08-29,DOWN,0.3859,61.42,14.45,1,HOLD,"HOLD — pred=DOWN, conf=0.39, RSI=61.4, VIX=14.4, position=1"
2023-08-30,DOWN,0.3889,66.36,13.88,1,HOLD,"HOLD — pred=DOWN, conf=0.39, RSI=66.4, VIX=13.9, position=1"
2023-08-31,NEUTRAL,0.3475,66.54,13.57,1,HOLD,"HOLD — pred=NEUTRAL, conf=0.35, RSI=66.5, VIX=13.6, position=1"
2023-09-01,NEUTRAL,0.3777,66.45,13.09,1,HOLD,"HOLD — pred=NEUTRAL, conf=0.38, RSI=66.4, VIX=13.1, position=1"
2023-09-05,NEUTRAL,0.4049,71.39,14.01,1,HOLD,"HOLD — pred=NEUTRAL, conf=0.40, RSI=71.4, VIX=14.0, position=1"
2023-09-06,DOWN,0.4794,59.18,14.45,1,SELL,"DOWN predicted (conf=0.48), RSI=59.2"
2023-09-07,UP,0.4392,54.77,14.4,0,BUY,"UP predicted (conf=0.44), RSI=54.8 oversold, VIX=14.4 calm"
2023-09-08,UP,0.5125,54.93,13.84,1,HOLD,"HOLD — pred=UP, conf=0.51, RSI=54.9, VIX=13.8, position=1"
2023-09-11,UP,0.4533,54.72,13.8,1,HOLD,"HOLD — pred=UP, conf=0.45, RSI=54.7, VIX=13.8, position=1"
2023-09-12,UP,0.4146,48.81,14.23,1,HOLD,"HOLD — pred=UP, conf=0.41, RSI=48.8, VIX=14.2, position=1"
2023-09-13,UP,0.4503,40.7,13.48,1,HOLD,"HOLD — pred=UP, conf=0.45, RSI=40.7, VIX=13.5, position=1"
2023-09-14,UP,0.4556,49.06,12.82,1,HOLD,"HOLD — pred=UP, conf=0.46, RSI=49.1, VIX=12.8, position=1"
2023-09-15,UP,0.4595,44.45,13.79,1,HOLD,"HOLD — pred=UP, conf=0.46, RSI=44.5, VIX=13.8, position=1"
2023-09-18,UP,0.4734,46.72,14.0,1,HOLD,"HOLD — pred=UP, conf=0.47, RSI=46.7, VIX=14.0, position=1"
2023-09-19,UP,0.3743,41.85,14.11,1,HOLD,"HOLD — pred=UP, conf=0.37, RSI=41.9, VIX=14.1, position=1"
2023-09-20,UP,0.3644,30.41,15.14,1,HOLD,"HOLD — pred=UP, conf=0.36, RSI=30.4, VIX=15.1, position=1"
2023-09-21,UP,0.4219,28.47,17.54,1,HOLD,"HOLD — pred=UP, conf=0.42, RSI=28.5, VIX=17.5, position=1"
2023-09-22,UP,0.5109,26.82,17.2,1,HOLD,"HOLD — pred=UP, conf=0.51, RSI=26.8, VIX=17.2, position=1"
2023-09-25,UP,0.4255,29.17,16.9,1,HOLD,"HOLD — pred=UP, conf=0.43, RSI=29.2, VIX=16.9, position=1"
2023-09-26,UP,0.3911,31.77,18.94,1,HOLD,"HOLD — pred=UP, conf=0.39, RSI=31.8, VIX=18.9, position=1"
2023-09-27,UP,0.4382,36.4,18.22,1,HOLD,"HOLD — pred=UP, conf=0.44, RSI=36.4, VIX=18.2, position=1"
2023-09-28,UP,0.4784,35.51,17.34,1,HOLD,"HOLD — pred=UP, conf=0.48, RSI=35.5, VIX=17.3, position=1"
2023-09-29,UP,0.4623,33.82,17.52,1,HOLD,"HOLD — pred=UP, conf=0.46, RSI=33.8, VIX=17.5, position=1"
2023-10-02,UP,0.4854,44.83,17.61,1,HOLD,"HOLD — pred=UP, conf=0.49, RSI=44.8, VIX=17.6, position=1"
2023-10-03,UP,0.4129,46.22,19.78,1,HOLD,"HOLD — pred=UP, conf=0.41, RSI=46.2, VIX=19.8, position=1"
2023-10-04,UP,0.452,45.6,18.58,1,HOLD,"HOLD — pred=UP, conf=0.45, RSI=45.6, VIX=18.6, position=1"
2023-10-05,UP,0.4047,49.79,18.49,1,HOLD,"HOLD — pred=UP, conf=0.40, RSI=49.8, VIX=18.5, position=1"
2023-10-06,UP,0.4223,48.99,17.45,1,HOLD,"HOLD — pred=UP, conf=0.42, RSI=49.0, VIX=17.5, position=1"
2023-10-09,NEUTRAL,0.4049,49.83,17.7,1,HOLD,"HOLD — pred=NEUTRAL, conf=0.40, RSI=49.8, VIX=17.7, position=1"
2023-10-10,NEUTRAL,0.4168,56.83,17.03,1,HOLD,"HOLD — pred=NEUTRAL, conf=0.42, RSI=56.8, VIX=17.0, position=1"
2023-10-11,NEUTRAL,0.415,63.93,16.09,1,HOLD,"HOLD — pred=NEUTRAL, conf=0.41, RSI=63.9, VIX=16.1, position=1"
2023-10-12,NEUTRAL,0.3987,64.02,16.69,1,HOLD,"HOLD — pred=NEUTRAL, conf=0.40, RSI=64.0, VIX=16.7, position=1"
2023-10-13,UP,0.3797,56.39,19.32,1,HOLD,"HOLD — pred=UP, conf=0.38, RSI=56.4, VIX=19.3, position=1"
2023-10-16,UP,0.4055,69.1,17.21,1,HOLD,"HOLD — pred=UP, conf=0.41, RSI=69.1, VIX=17.2, position=1"
2023-10-17,NEUTRAL,0.3764,68.94,17.88,1,HOLD,"HOLD — pred=NEUTRAL, conf=0.38, RSI=68.9, VIX=17.9, position=1"
2023-10-18,NEUTRAL,0.3768,63.7,19.22,1,HOLD,"HOLD — pred=NEUTRAL, conf=0.38, RSI=63.7, VIX=19.2, position=1"
2023-10-19,UP,0.3778,61.39,21.4,1,HOLD,"HOLD — pred=UP, conf=0.38, RSI=61.4, VIX=21.4, position=1"
2023-10-20,UP,0.4383,47.67,21.71,1,HOLD,"HOLD — pred=UP, conf=0.44, RSI=47.7, VIX=21.7, position=1"
2023-10-23,UP,0.4458,51.72,20.37,1,HOLD,"HOLD — pred=UP, conf=0.45, RSI=51.7, VIX=20.4, position=1"
2023-10-24,NEUTRAL,0.4021,49.34,18.97,1,HOLD,"HOLD — pred=NEUTRAL, conf=0.40, RSI=49.3, VIX=19.0, position=1"
2023-10-25,DOWN,0.3932,39.26,20.19,1,HOLD,"HOLD — pred=DOWN, conf=0.39, RSI=39.3, VIX=20.2, position=1"
2023-10-26,UP,0.4789,22.62,20.68,1,HOLD,"HOLD — pred=UP, conf=0.48, RSI=22.6, VIX=20.7, position=1"
2023-10-27,UP,0.5371,21.94,21.27,1,HOLD,"HOLD — pred=UP, conf=0.54, RSI=21.9, VIX=21.3, position=1"
2023-10-30,UP,0.4943,30.4,19.75,1,HOLD,"HOLD — pred=UP, conf=0.49, RSI=30.4, VIX=19.8, position=1"
2023-10-31,UP,0.4131,27.12,18.14,1,HOLD,"HOLD — pred=UP, conf=0.41, RSI=27.1, VIX=18.1, position=1"
2023-11-01,DOWN,0.4131,34.7,16.87,1,SELL,"DOWN predicted (conf=0.41), RSI=34.7"
2023-11-02,DOWN,0.3793,47.31,15.66,0,HOLD,"HOLD — pred=DOWN, conf=0.38, RSI=47.3, VIX=15.7, position=0"
2023-11-03,UP,0.407,45.78,14.91,0,BUY,"UP predicted (conf=0.41), RSI=45.8 oversold, VIX=14.9 calm"
2023-11-06,UP,0.4677,54.07,14.89,1,HOLD,"HOLD — pred=UP, conf=0.47, RSI=54.1, VIX=14.9, position=1"
2023-11-07,UP,0.3673,61.14,14.81,1,HOLD,"HOLD — pred=UP, conf=0.37, RSI=61.1, VIX=14.8, position=1"
2023-11-08,NEUTRAL,0.4057,63.49,14.45,1,HOLD,"HOLD — pred=NEUTRAL, conf=0.41, RSI=63.5, VIX=14.4, position=1"
2023-11-09,NEUTRAL,0.3857,68.74,15.29,1,HOLD,"HOLD — pred=NEUTRAL, conf=0.39, RSI=68.7, VIX=15.3, position=1"
2023-11-10,DOWN,0.4095,73.09,14.17,1,SELL,"DOWN predicted (conf=0.41), RSI=73.1"
2023-11-13,NEUTRAL,0.4191,68.89,14.76,0,HOLD,"HOLD — pred=NEUTRAL, conf=0.42, RSI=68.9, VIX=14.8, position=0"
2023-11-14,DOWN,0.3573,76.74,14.16,0,HOLD,"HOLD — pred=DOWN, conf=0.36, RSI=76.7, VIX=14.2, position=0"
2023-11-15,NEUTRAL,0.419,89.03,14.18,0,HOLD,"HOLD — pred=NEUTRAL, conf=0.42, RSI=89.0, VIX=14.2, position=0"
2023-11-16,DOWN,0.3776,89.18,14.32,0,HOLD,"HOLD — pred=DOWN, conf=0.38, RSI=89.2, VIX=14.3, position=0"
2023-11-17,DOWN,0.348,88.24,13.8,0,HOLD,"HOLD — pred=DOWN, conf=0.35, RSI=88.2, VIX=13.8, position=0"
2023-11-20,DOWN,0.3521,88.8,13.41,0,HOLD,"HOLD — pred=DOWN, conf=0.35, RSI=88.8, VIX=13.4, position=0"
2023-11-21,NEUTRAL,0.4452,84.41,13.35,0,HOLD,"HOLD — pred=NEUTRAL, conf=0.45, RSI=84.4, VIX=13.4, position=0"
2023-11-22,NEUTRAL,0.3939,82.3,12.85,0,HOLD,"HOLD — pred=NEUTRAL, conf=0.39, RSI=82.3, VIX=12.9, position=0"
2023-11-24,NEUTRAL,0.4028,80.73,12.46,0,HOLD,"HOLD — pred=NEUTRAL, conf=0.40, RSI=80.7, VIX=12.5, position=0"
2023-11-27,DOWN,0.3741,77.46,12.69,0,HOLD,"HOLD — pred=DOWN, conf=0.37, RSI=77.5, VIX=12.7, position=0"
2023-11-28,NEUTRAL,0.4377,74.94,12.69,0,HOLD,"HOLD — pred=NEUTRAL, conf=0.44, RSI=74.9, VIX=12.7, position=0"
2023-11-29,NEUTRAL,0.3917,69.05,12.98,0,HOLD,"HOLD — pred=NEUTRAL, conf=0.39, RSI=69.0, VIX=13.0, position=0"
2023-11-30,DOWN,0.3427,71.93,12.92,0,HOLD,"HOLD — pred=DOWN, conf=0.34, RSI=71.9, VIX=12.9, position=0"
2023-12-01,UP,0.3595,66.35,12.63,0,HOLD,"HOLD — pred=UP, conf=0.36, RSI=66.4, VIX=12.6, position=0"
2023-12-04,NEUTRAL,0.3873,65.42,13.08,0,HOLD,"HOLD — pred=NEUTRAL, conf=0.39, RSI=65.4, VIX=13.1, position=0"
2023-12-05,DOWN,0.4026,68.28,12.85,0,HOLD,"HOLD — pred=DOWN, conf=0.40, RSI=68.3, VIX=12.9, position=0"
2023-12-06,NEUTRAL,0.4884,62.76,12.97,0,HOLD,"HOLD — pred=NEUTRAL, conf=0.49, RSI=62.8, VIX=13.0, position=0"
2023-12-07,DOWN,0.3598,63.3,13.06,0,HOLD,"HOLD — pred=DOWN, conf=0.36, RSI=63.3, VIX=13.1, position=0"
2023-12-08,UP,0.3691,66.22,12.35,0,HOLD,"HOLD — pred=UP, conf=0.37, RSI=66.2, VIX=12.4, position=0"
2023-12-11,DOWN,0.3619,54.47,12.63,0,HOLD,"HOLD — pred=DOWN, conf=0.36, RSI=54.5, VIX=12.6, position=0"
2023-12-12,NEUTRAL,0.4369,60.15,12.07,0,HOLD,"HOLD — pred=NEUTRAL, conf=0.44, RSI=60.1, VIX=12.1, position=0"
2023-12-13,NEUTRAL,0.3658,64.69,12.19,0,HOLD,"HOLD — pred=NEUTRAL, conf=0.37, RSI=64.7, VIX=12.2, position=0"
2023-12-14,UP,0.3769,68.98,12.48,0,HOLD,"HOLD — pred=UP, conf=0.38, RSI=69.0, VIX=12.5, position=0"
2023-12-15,UP,0.4689,67.84,12.28,0,HOLD,"HOLD — pred=UP, conf=0.47, RSI=67.8, VIX=12.3, position=0"
2023-12-18,NEUTRAL,0.381,62.0,12.56,0,HOLD,"HOLD — pred=NEUTRAL, conf=0.38, RSI=62.0, VIX=12.6, position=0"
2023-12-19,NEUTRAL,0.4884,66.54,12.53,0,HOLD,"HOLD — pred=NEUTRAL, conf=0.49, RSI=66.5, VIX=12.5, position=0"
2023-12-20,NEUTRAL,0.4042,59.99,13.67,0,HOLD,"HOLD — pred=NEUTRAL, conf=0.40, RSI=60.0, VIX=13.7, position=0"
2023-12-21,NEUTRAL,0.3495,57.39,13.65,0,HOLD,"HOLD — pred=NEUTRAL, conf=0.35, RSI=57.4, VIX=13.6, position=0"
2023-12-22,NEUTRAL,0.4069,59.25,13.03,0,HOLD,"HOLD — pred=NEUTRAL, conf=0.41, RSI=59.2, VIX=13.0, position=0"
2023-12-26,NEUTRAL,0.5177,49.03,12.99,0,HOLD,"HOLD — pred=NEUTRAL, conf=0.52, RSI=49.0, VIX=13.0, position=0"
2023-12-27,NEUTRAL,0.4355,52.29,12.43,0,HOLD,"HOLD — pred=NEUTRAL, conf=0.44, RSI=52.3, VIX=12.4, position=0"
2023-12-28,NEUTRAL,0.3974,47.92,12.47,0,HOLD,"HOLD — pred=NEUTRAL, conf=0.40, RSI=47.9, VIX=12.5, position=0"
2023-12-29,NEUTRAL,0.3722,40.19,12.45,0,HOLD,"HOLD — pred=NEUTRAL, conf=0.37, RSI=40.2, VIX=12.4, position=0"
2024-01-02,DOWN,0.5009,31.66,13.2,0,HOLD,"HOLD — pred=DOWN, conf=0.50, RSI=31.7, VIX=13.2, position=0"
2024-01-03,DOWN,0.3879,24.39,14.04,0,HOLD,"HOLD — pred=DOWN, conf=0.39, RSI=24.4, VIX=14.0, position=0"
2024-01-04,DOWN,0.4255,8.87,14.13,0,HOLD,"HOLD — pred=DOWN, conf=0.43, RSI=8.9, VIX=14.1, position=0"
2024-01-05,UP,0.427,7.86,13.35,0,BUY,"UP predicted (conf=0.43), RSI=7.9 oversold, VIX=13.4 calm"
2024-01-08,DOWN,0.4945,24.91,13.08,1,SELL,"DOWN predicted (conf=0.49), RSI=24.9"
2024-01-09,DOWN,0.3971,26.29,12.76,0,HOLD,"HOLD — pred=DOWN, conf=0.40, RSI=26.3, VIX=12.8, position=0"
2024-01-10,DOWN,0.4381,26.29,12.69,0,HOLD,"HOLD — pred=DOWN, conf=0.44, RSI=26.3, VIX=12.7, position=0"
2024-01-11,DOWN,0.3734,28.17,12.44,0,HOLD,"HOLD — pred=DOWN, conf=0.37, RSI=28.2, VIX=12.4, position=0"
2024-01-12,UP,0.4335,29.48,12.7,0,BUY,"UP predicted (conf=0.43), RSI=29.5 oversold, VIX=12.7 calm"
2024-01-16,DOWN,0.3982,27.89,13.84,1,HOLD,"HOLD — pred=DOWN, conf=0.40, RSI=27.9, VIX=13.8, position=1"
2024-01-17,UP,0.359,27.41,14.79,1,HOLD,"HOLD — pred=UP, conf=0.36, RSI=27.4, VIX=14.8, position=1"
2024-01-18,DOWN,0.5133,42.15,14.13,1,SELL,"DOWN predicted (conf=0.51), RSI=42.2"
2024-01-19,DOWN,0.3813,46.77,13.3,0,HOLD,"HOLD — pred=DOWN, conf=0.38, RSI=46.8, VIX=13.3, position=0"
2024-01-22,UP,0.426,52.09,13.19,0,BUY,"UP predicted (conf=0.43), RSI=52.1 oversold, VIX=13.2 calm"
2024-01-23,NEUTRAL,0.3771,67.68,12.55,1,HOLD,"HOLD — pred=NEUTRAL, conf=0.38, RSI=67.7, VIX=12.6, position=1"
2024-01-24,NEUTRAL,0.3687,69.51,13.14,1,HOLD,"HOLD — pred=NEUTRAL, conf=0.37, RSI=69.5, VIX=13.1, position=1"
2024-01-25,NEUTRAL,0.3686,75.27,13.45,1,HOLD,"HOLD — pred=NEUTRAL, conf=0.37, RSI=75.3, VIX=13.4, position=1"
2024-01-26,UP,0.3583,72.23,13.26,1,HOLD,"HOLD — pred=UP, conf=0.36, RSI=72.2, VIX=13.3, position=1"
2024-01-29,NEUTRAL,0.365,64.29,13.6,1,HOLD,"HOLD — pred=NEUTRAL, conf=0.36, RSI=64.3, VIX=13.6, position=1"
2024-01-30,DOWN,0.388,55.83,13.31,1,HOLD,"HOLD — pred=DOWN, conf=0.39, RSI=55.8, VIX=13.3, position=1"
2024-01-31,DOWN,0.3563,46.74,14.35,1,HOLD,"HOLD — pred=DOWN, conf=0.36, RSI=46.7, VIX=14.4, position=1"
2024-02-01,DOWN,0.3894,52.17,13.88,1,HOLD,"HOLD — pred=DOWN, conf=0.39, RSI=52.2, VIX=13.9, position=1"
2024-02-02,UP,0.4382,49.88,13.85,1,HOLD,"HOLD — pred=UP, conf=0.44, RSI=49.9, VIX=13.9, position=1"
2024-02-05,UP,0.4184,56.86,13.67,1,HOLD,"HOLD — pred=UP, conf=0.42, RSI=56.9, VIX=13.7, position=1"
2024-02-06,NEUTRAL,0.3645,60.96,13.06,1,HOLD,"HOLD — pred=NEUTRAL, conf=0.36, RSI=61.0, VIX=13.1, position=1"
2024-02-07,NEUTRAL,0.3933,51.6,12.83,1,HOLD,"HOLD — pred=NEUTRAL, conf=0.39, RSI=51.6, VIX=12.8, position=1"
2024-02-08,NEUTRAL,0.3745,42.81,12.79,1,HOLD,"HOLD — pred=NEUTRAL, conf=0.37, RSI=42.8, VIX=12.8, position=1"
2024-02-09,UP,0.3637,38.55,12.93,1,HOLD,"HOLD — pred=UP, conf=0.36, RSI=38.6, VIX=12.9, position=1"
2024-02-12,NEUTRAL,0.419,31.77,13.93,1,HOLD,"HOLD — pred=NEUTRAL, conf=0.42, RSI=31.8, VIX=13.9, position=1"
2024-02-13,DOWN,0.3808,29.78,15.85,1,HOLD,"HOLD — pred=DOWN, conf=0.38, RSI=29.8, VIX=15.9, position=1"
2024-02-14,DOWN,0.3866,29.06,14.38,1,HOLD,"HOLD — pred=DOWN, conf=0.39, RSI=29.1, VIX=14.4, position=1"
2024-02-15,DOWN,0.3786,31.0,14.01,1,HOLD,"HOLD — pred=DOWN, conf=0.38, RSI=31.0, VIX=14.0, position=1"
2024-02-16,NEUTRAL,0.3548,29.83,14.24,1,HOLD,"HOLD — pred=NEUTRAL, conf=0.35, RSI=29.8, VIX=14.2, position=1"
2024-02-20,UP,0.3458,34.25,15.42,1,HOLD,"HOLD — pred=UP, conf=0.35, RSI=34.2, VIX=15.4, position=1"
2024-02-21,UP,0.3532,44.55,15.34,1,HOLD,"HOLD — pred=UP, conf=0.35, RSI=44.6, VIX=15.3, position=1"
2024-02-22,UP,0.3459,43.19,14.54,1,HOLD,"HOLD — pred=UP, conf=0.35, RSI=43.2, VIX=14.5, position=1"
2024-02-23,NEUTRAL,0.3615,41.09,13.75,1,HOLD,"HOLD — pred=NEUTRAL, conf=0.36, RSI=41.1, VIX=13.8, position=1"
2024-02-26,UP,0.3977,31.41,13.74,1,HOLD,"HOLD — pred=UP, conf=0.40, RSI=31.4, VIX=13.7, position=1"
2024-02-27,UP,0.3678,30.81,13.43,1,HOLD,"HOLD — pred=UP, conf=0.37, RSI=30.8, VIX=13.4, position=1"
2024-02-28,NEUTRAL,0.3867,28.29,13.84,1,HOLD,"HOLD — pred=NEUTRAL, conf=0.39, RSI=28.3, VIX=13.8, position=1"
2024-02-29,DOWN,0.4253,28.97,13.4,1,SELL,"DOWN predicted (conf=0.43), RSI=29.0"
2024-03-01,UP,0.4319,24.11,13.11,0,BUY,"UP predicted (conf=0.43), RSI=24.1 oversold, VIX=13.1 calm"
2024-03-04,UP,0.4163,20.77,13.49,1,HOLD,"HOLD — pred=UP, conf=0.42, RSI=20.8, VIX=13.5, position=1"
2024-03-05,UP,0.4399,18.23,14.46,1,HOLD,"HOLD — pred=UP, conf=0.44, RSI=18.2, VIX=14.5, position=1"
2024-03-06,UP,0.478,18.14,14.5,1,HOLD,"HOLD — pred=UP, conf=0.48, RSI=18.1, VIX=14.5, position=1"
2024-03-07,UP,0.4722,18.27,14.44,1,HOLD,"HOLD — pred=UP, conf=0.47, RSI=18.3, VIX=14.4, position=1"
2024-03-08,UP,0.436,25.47,14.74,1,HOLD,"HOLD — pred=UP, conf=0.44, RSI=25.5, VIX=14.7, position=1"
2024-03-11,UP,0.4975,32.29,15.22,1,HOLD,"HOLD — pred=UP, conf=0.50, RSI=32.3, VIX=15.2, position=1"
2024-03-12,UP,0.4281,31.52,13.84,1,HOLD,"HOLD — pred=UP, conf=0.43, RSI=31.5, VIX=13.8, position=1"
2024-03-13,UP,0.4226,23.13,13.75,1,HOLD,"HOLD — pred=UP, conf=0.42, RSI=23.1, VIX=13.8, position=1"
2024-03-14,UP,0.46,30.7,14.4,1,HOLD,"HOLD — pred=UP, conf=0.46, RSI=30.7, VIX=14.4, position=1"
2024-03-15,UP,0.4621,31.97,14.41,1,HOLD,"HOLD — pred=UP, conf=0.46, RSI=32.0, VIX=14.4, position=1"
2024-03-18,UP,0.4304,30.89,14.33,1,HOLD,"HOLD — pred=UP, conf=0.43, RSI=30.9, VIX=14.3, position=1"
2024-03-19,UP,0.4432,39.08,13.82,1,HOLD,"HOLD — pred=UP, conf=0.44, RSI=39.1, VIX=13.8, position=1"
2024-03-20,NEUTRAL,0.3924,46.06,13.04,1,HOLD,"HOLD — pred=NEUTRAL, conf=0.39, RSI=46.1, VIX=13.0, position=1"
2024-03-21,DOWN,0.4155,37.28,12.92,1,SELL,"DOWN predicted (conf=0.42), RSI=37.3"
2024-03-22,UP,0.483,45.13,13.06,0,BUY,"UP predicted (conf=0.48), RSI=45.1 oversold, VIX=13.1 calm"
2024-03-25,UP,0.403,51.44,13.19,1,HOLD,"HOLD — pred=UP, conf=0.40, RSI=51.4, VIX=13.2, position=1"
2024-03-26,UP,0.3765,51.16,13.24,1,HOLD,"HOLD — pred=UP, conf=0.38, RSI=51.2, VIX=13.2, position=1"
2024-03-27,UP,0.4151,57.43,12.78,1,HOLD,"HOLD — pred=UP, conf=0.42, RSI=57.4, VIX=12.8, position=1"
2024-03-28,UP,0.3904,51.29,13.01,1,HOLD,"HOLD — pred=UP, conf=0.39, RSI=51.3, VIX=13.0, position=1"
2024-04-01,UP,0.397,45.23,13.65,1,HOLD,"HOLD — pred=UP, conf=0.40, RSI=45.2, VIX=13.6, position=1"
2024-04-02,NEUTRAL,0.4014,42.5,14.61,1,HOLD,"HOLD — pred=NEUTRAL, conf=0.40, RSI=42.5, VIX=14.6, position=1"
2024-04-03,UP,0.3924,47.35,14.33,1,HOLD,"HOLD — pred=UP, conf=0.39, RSI=47.4, VIX=14.3, position=1"
2024-04-04,NEUTRAL,0.4197,42.24,16.35,1,HOLD,"HOLD — pred=NEUTRAL, conf=0.42, RSI=42.2, VIX=16.4, position=1"
2024-04-05,UP,0.407,44.43,16.03,1,HOLD,"HOLD — pred=UP, conf=0.41, RSI=44.4, VIX=16.0, position=1"
2024-04-08,NEUTRAL,0.4217,40.36,15.19,1,HOLD,"HOLD — pred=NEUTRAL, conf=0.42, RSI=40.4, VIX=15.2, position=1"
2024-04-09,UP,0.4211,37.76,14.98,1,HOLD,"HOLD — pred=UP, conf=0.42, RSI=37.8, VIX=15.0, position=1"
2024-04-10,NEUTRAL,0.3861,28.64,15.8,1,HOLD,"HOLD — pred=NEUTRAL, conf=0.39, RSI=28.6, VIX=15.8, position=1"
2024-04-11,DOWN,0.4873,57.21,14.91,1,SELL,"DOWN predicted (conf=0.49), RSI=57.2"
2024-04-12,UP,0.475,58.2,17.31,0,HOLD,"HOLD — pred=UP, conf=0.48, RSI=58.2, VIX=17.3, position=0"
2024-04-15,DOWN,0.415,53.23,19.23,0,HOLD,"HOLD — pred=DOWN, conf=0.42, RSI=53.2, VIX=19.2, position=0"
2024-04-16,UP,0.3771,49.46,18.4,0,HOLD,"HOLD — pred=UP, conf=0.38, RSI=49.5, VIX=18.4, position=0"
2024-04-17,UP,0.4227,40.66,18.21,0,BUY,"UP predicted (conf=0.42), RSI=40.7 oversold, VIX=18.2 calm"
2024-04-18,NEUTRAL,0.347,41.94,18.0,1,HOLD,"HOLD — pred=NEUTRAL, conf=0.35, RSI=41.9, VIX=18.0, position=1"
2024-04-19,UP,0.3835,41.07,18.71,1,HOLD,"HOLD — pred=UP, conf=0.38, RSI=41.1, VIX=18.7, position=1"
2024-04-22,UP,0.427,44.6,16.94,1,HOLD,"HOLD — pred=UP, conf=0.43, RSI=44.6, VIX=16.9, position=1"
2024-04-23,NEUTRAL,0.3802,45.1,15.69,1,HOLD,"HOLD — pred=NEUTRAL, conf=0.38, RSI=45.1, VIX=15.7, position=1"
2024-04-24,UP,0.3605,50.34,15.97,1,HOLD,"HOLD — pred=UP, conf=0.36, RSI=50.3, VIX=16.0, position=1"
2024-04-25,UP,0.3802,50.53,15.37,1,HOLD,"HOLD — pred=UP, conf=0.38, RSI=50.5, VIX=15.4, position=1"
2024-04-26,NEUTRAL,0.3826,51.47,15.03,1,HOLD,"HOLD — pred=NEUTRAL, conf=0.38, RSI=51.5, VIX=15.0, position=1"
2024-04-29,UP,0.4074,56.0,14.67,1,HOLD,"HOLD — pred=UP, conf=0.41, RSI=56.0, VIX=14.7, position=1"
2024-04-30,DOWN,0.3978,53.84,15.65,1,HOLD,"HOLD — pred=DOWN, conf=0.40, RSI=53.8, VIX=15.6, position=1"
2024-05-01,UP,0.3432,39.35,15.39,1,HOLD,"HOLD — pred=UP, conf=0.34, RSI=39.3, VIX=15.4, position=1"
2024-05-02,DOWN,0.3893,43.96,14.68,1,HOLD,"HOLD — pred=DOWN, conf=0.39, RSI=44.0, VIX=14.7, position=1"
2024-05-03,DOWN,0.3786,64.99,13.49,1,HOLD,"HOLD — pred=DOWN, conf=0.38, RSI=65.0, VIX=13.5, position=1"
2024-05-06,UP,0.4247,68.13,13.49,1,HOLD,"HOLD — pred=UP, conf=0.42, RSI=68.1, VIX=13.5, position=1"
2024-05-07,DOWN,0.4391,71.61,13.23,1,SELL,"DOWN predicted (conf=0.44), RSI=71.6"
2024-05-08,DOWN,0.3652,74.01,13.0,0,HOLD,"HOLD — pred=DOWN, conf=0.37, RSI=74.0, VIX=13.0, position=0"
2024-05-09,DOWN,0.4109,80.12,12.69,0,HOLD,"HOLD — pred=DOWN, conf=0.41, RSI=80.1, VIX=12.7, position=0"
2024-05-10,UP,0.384,76.51,12.55,0,HOLD,"HOLD — pred=UP, conf=0.38, RSI=76.5, VIX=12.6, position=0"
2024-05-13,UP,0.4112,77.97,13.6,0,HOLD,"HOLD — pred=UP, conf=0.41, RSI=78.0, VIX=13.6, position=0"
2024-05-14,NEUTRAL,0.3901,77.34,13.42,0,HOLD,"HOLD — pred=NEUTRAL, conf=0.39, RSI=77.3, VIX=13.4, position=0"
2024-05-15,DOWN,0.4,78.25,12.45,0,HOLD,"HOLD — pred=DOWN, conf=0.40, RSI=78.3, VIX=12.4, position=0"
2024-05-16,DOWN,0.384,79.64,12.42,0,HOLD,"HOLD — pred=DOWN, conf=0.38, RSI=79.6, VIX=12.4, position=0"
2024-05-17,DOWN,0.3655,76.9,11.99,0,HOLD,"HOLD — pred=DOWN, conf=0.37, RSI=76.9, VIX=12.0, position=0"
2024-05-20,DOWN,0.4041,86.26,12.15,0,HOLD,"HOLD — pred=DOWN, conf=0.40, RSI=86.3, VIX=12.1, position=0"
2024-05-21,NEUTRAL,0.4202,89.92,11.86,0,HOLD,"HOLD — pred=NEUTRAL, conf=0.42, RSI=89.9, VIX=11.9, position=0"
2024-05-22,NEUTRAL,0.4376,83.68,12.29,0,HOLD,"HOLD — pred=NEUTRAL, conf=0.44, RSI=83.7, VIX=12.3, position=0"
2024-05-23,DOWN,0.409,59.11,12.77,0,HOLD,"HOLD — pred=DOWN, conf=0.41, RSI=59.1, VIX=12.8, position=0"
2024-05-24,DOWN,0.398,69.36,11.93,0,HOLD,"HOLD — pred=DOWN, conf=0.40, RSI=69.4, VIX=11.9, position=0"
2024-05-28,DOWN,0.3796,68.38,12.92,0,HOLD,"HOLD — pred=DOWN, conf=0.38, RSI=68.4, VIX=12.9, position=0"
2024-05-29,NEUTRAL,0.3509,68.32,14.28,0,HOLD,"HOLD — pred=NEUTRAL, conf=0.35, RSI=68.3, VIX=14.3, position=0"
2024-05-30,NEUTRAL,0.3922,67.04,14.47,0,HOLD,"HOLD — pred=NEUTRAL, conf=0.39, RSI=67.0, VIX=14.5, position=0"
2024-05-31,UP,0.3725,72.84,12.92,0,HOLD,"HOLD — pred=UP, conf=0.37, RSI=72.8, VIX=12.9, position=0"
2024-06-03,NEUTRAL,0.4762,70.73,13.11,0,HOLD,"HOLD — pred=NEUTRAL, conf=0.48, RSI=70.7, VIX=13.1, position=0"
2024-06-04,NEUTRAL,0.5301,69.37,13.16,0,HOLD,"HOLD — pred=NEUTRAL, conf=0.53, RSI=69.4, VIX=13.2, position=0"
2024-06-05,NEUTRAL,0.5001,67.99,12.63,0,HOLD,"HOLD — pred=NEUTRAL, conf=0.50, RSI=68.0, VIX=12.6, position=0"
2024-06-06,NEUTRAL,0.475,62.64,12.58,0,HOLD,"HOLD — pred=NEUTRAL, conf=0.48, RSI=62.6, VIX=12.6, position=0"
2024-06-07,NEUTRAL,0.3869,66.92,12.22,0,HOLD,"HOLD — pred=NEUTRAL, conf=0.39, RSI=66.9, VIX=12.2, position=0"
2024-06-10,UP,0.3736,54.46,12.74,0,HOLD,"HOLD — pred=UP, conf=0.37, RSI=54.5, VIX=12.7, position=0"
2024-06-11,DOWN,0.5536,70.52,12.85,0,HOLD,"HOLD — pred=DOWN, conf=0.55, RSI=70.5, VIX=12.9, position=0"
2024-06-12,UP,0.5047,77.35,12.04,0,HOLD,"HOLD — pred=UP, conf=0.50, RSI=77.4, VIX=12.0, position=0"
2024-06-13,DOWN,0.3972,86.31,11.94,0,HOLD,"HOLD — pred=DOWN, conf=0.40, RSI=86.3, VIX=11.9, position=0"
2024-06-14,DOWN,0.4546,80.98,12.66,0,HOLD,"HOLD — pred=DOWN, conf=0.45, RSI=81.0, VIX=12.7, position=0"
2024-06-17,DOWN,0.4204,82.94,12.75,0,HOLD,"HOLD — pred=DOWN, conf=0.42, RSI=82.9, VIX=12.8, position=0"
2024-06-18,UP,0.4318,78.18,12.3,0,HOLD,"HOLD — pred=UP, conf=0.43, RSI=78.2, VIX=12.3, position=0"
2024-06-20,UP,0.3776,69.91,13.28,0,HOLD,"HOLD — pred=UP, conf=0.38, RSI=69.9, VIX=13.3, position=0"
2024-06-21,UP,0.5572,66.07,13.2,0,HOLD,"HOLD — pred=UP, conf=0.56, RSI=66.1, VIX=13.2, position=0"
2024-06-24,UP,0.4711,65.24,13.33,0,HOLD,"HOLD — pred=UP, conf=0.47, RSI=65.2, VIX=13.3, position=0"
2024-06-25,UP,0.4185,65.69,12.84,0,HOLD,"HOLD — pred=UP, conf=0.42, RSI=65.7, VIX=12.8, position=0"
2024-06-26,UP,0.3834,67.53,12.55,0,HOLD,"HOLD — pred=UP, conf=0.38, RSI=67.5, VIX=12.6, position=0"
2024-06-27,UP,0.372,70.01,12.24,0,HOLD,"HOLD — pred=UP, conf=0.37, RSI=70.0, VIX=12.2, position=0"
2024-06-28,DOWN,0.3874,63.71,12.44,0,HOLD,"HOLD — pred=DOWN, conf=0.39, RSI=63.7, VIX=12.4, position=0"
2024-07-01,DOWN,0.4089,72.53,12.22,0,HOLD,"HOLD — pred=DOWN, conf=0.41, RSI=72.5, VIX=12.2, position=0"
2024-07-02,NEUTRAL,0.3659,65.64,12.03,0,HOLD,"HOLD — pred=NEUTRAL, conf=0.37, RSI=65.6, VIX=12.0, position=0"
2024-07-03,NEUTRAL,0.3967,61.37,12.09,0,HOLD,"HOLD — pred=NEUTRAL, conf=0.40, RSI=61.4, VIX=12.1, position=0"
2024-07-05,DOWN,0.4418,64.78,12.48,0,HOLD,"HOLD — pred=DOWN, conf=0.44, RSI=64.8, VIX=12.5, position=0"
2024-07-08,DOWN,0.3721,68.86,12.37,0,HOLD,"HOLD — pred=DOWN, conf=0.37, RSI=68.9, VIX=12.4, position=0"
2024-07-09,NEUTRAL,0.4361,66.09,12.51,0,HOLD,"HOLD — pred=NEUTRAL, conf=0.44, RSI=66.1, VIX=12.5, position=0"
2024-07-10,NEUTRAL,0.417,73.81,12.85,0,HOLD,"HOLD — pred=NEUTRAL, conf=0.42, RSI=73.8, VIX=12.9, position=0"
2024-07-11,DOWN,0.4548,72.33,12.92,0,HOLD,"HOLD — pred=DOWN, conf=0.45, RSI=72.3, VIX=12.9, position=0"
2024-07-12,UP,0.4147,78.23,12.46,0,HOLD,"HOLD — pred=UP, conf=0.41, RSI=78.2, VIX=12.5, position=0"
2024-07-15,DOWN,0.4018,79.81,13.12,0,HOLD,"HOLD — pred=DOWN, conf=0.40, RSI=79.8, VIX=13.1, position=0"
2024-07-16,UP,0.3459,79.58,13.19,0,HOLD,"HOLD — pred=UP, conf=0.35, RSI=79.6, VIX=13.2, position=0"
2024-07-17,DOWN,0.3917,67.26,14.48,0,HOLD,"HOLD — pred=DOWN, conf=0.39, RSI=67.3, VIX=14.5, position=0"
2024-07-18,DOWN,0.5285,60.26,15.93,0,HOLD,"HOLD — pred=DOWN, conf=0.53, RSI=60.3, VIX=15.9, position=0"
2024-07-19,UP,0.4207,64.95,16.52,0,HOLD,"HOLD — pred=UP, conf=0.42, RSI=64.9, VIX=16.5, position=0"
2024-07-22,UP,0.3857,59.01,14.91,0,HOLD,"HOLD — pred=UP, conf=0.39, RSI=59.0, VIX=14.9, position=0"
2024-07-23,NEUTRAL,0.4289,56.31,14.72,0,HOLD,"HOLD — pred=NEUTRAL, conf=0.43, RSI=56.3, VIX=14.7, position=0"
2024-07-24,DOWN,0.523,46.48,18.04,0,HOLD,"HOLD — pred=DOWN, conf=0.52, RSI=46.5, VIX=18.0, position=0"
2024-07-25,DOWN,0.4279,38.65,18.46,0,HOLD,"HOLD — pred=DOWN, conf=0.43, RSI=38.7, VIX=18.5, position=0"
2024-07-26,UP,0.4115,37.02,16.39,0,BUY,"UP predicted (conf=0.41), RSI=37.0 oversold, VIX=16.4 calm"
2024-07-29,NEUTRAL,0.3993,36.04,16.6,1,HOLD,"HOLD — pred=NEUTRAL, conf=0.40, RSI=36.0, VIX=16.6, position=1"
2024-07-30,DOWN,0.3996,28.94,17.69,1,HOLD,"HOLD — pred=DOWN, conf=0.40, RSI=28.9, VIX=17.7, position=1"
2024-07-31,DOWN,0.4616,41.29,16.36,1,SELL,"DOWN predicted (conf=0.46), RSI=41.3"
2024-08-01,DOWN,0.4041,31.13,18.59,0,HOLD,"HOLD — pred=DOWN, conf=0.40, RSI=31.1, VIX=18.6, position=0"
2024-08-02,DOWN,0.4802,25.7,23.39,0,HOLD,"HOLD — pred=DOWN, conf=0.48, RSI=25.7, VIX=23.4, position=0"
2024-08-05,UP,0.643,18.13,38.57,0,HOLD,"HOLD — pred=UP, conf=0.64, RSI=18.1, VIX=38.6, position=0"
2024-08-06,UP,0.4274,20.09,27.71,0,BUY,"UP predicted (conf=0.43), RSI=20.1 oversold, VIX=27.7 calm"
2024-08-07,DOWN,0.4895,28.93,27.85,1,SELL,"DOWN predicted (conf=0.49), RSI=28.9"
2024-08-08,UP,0.4194,35.31,23.79,0,BUY,"UP predicted (conf=0.42), RSI=35.3 oversold, VIX=23.8 calm"
2024-08-09,DOWN,0.5148,40.35,20.37,1,SELL,"DOWN predicted (conf=0.51), RSI=40.4"
2024-08-12,DOWN,0.3821,41.08,20.71,0,HOLD,"HOLD — pred=DOWN, conf=0.38, RSI=41.1, VIX=20.7, position=0"
2024-08-13,NEUTRAL,0.3634,53.95,18.12,0,HOLD,"HOLD — pred=NEUTRAL, conf=0.36, RSI=54.0, VIX=18.1, position=0"
2024-08-14,NEUTRAL,0.3862,56.03,16.19,0,HOLD,"HOLD — pred=NEUTRAL, conf=0.39, RSI=56.0, VIX=16.2, position=0"
2024-08-15,DOWN,0.3793,58.84,15.23,0,HOLD,"HOLD — pred=DOWN, conf=0.38, RSI=58.8, VIX=15.2, position=0"
2024-08-16,UP,0.3499,59.9,14.8,0,HOLD,"HOLD — pred=UP, conf=0.35, RSI=59.9, VIX=14.8, position=0"
2024-08-19,NEUTRAL,0.3711,59.1,14.65,0,HOLD,"HOLD — pred=NEUTRAL, conf=0.37, RSI=59.1, VIX=14.6, position=0"
2024-08-20,NEUTRAL,0.443,56.22,15.88,0,HOLD,"HOLD — pred=NEUTRAL, conf=0.44, RSI=56.2, VIX=15.9, position=0"
2024-08-21,NEUTRAL,0.406,62.17,16.27,0,HOLD,"HOLD — pred=NEUTRAL, conf=0.41, RSI=62.2, VIX=16.3, position=0"
2024-08-22,DOWN,0.4219,57.15,17.55,0,HOLD,"HOLD — pred=DOWN, conf=0.42, RSI=57.1, VIX=17.5, position=0"
2024-08-23,DOWN,0.3472,84.03,15.86,0,HOLD,"HOLD — pred=DOWN, conf=0.35, RSI=84.0, VIX=15.9, position=0"
2024-08-26,NEUTRAL,0.4392,91.25,16.15,0,HOLD,"HOLD — pred=NEUTRAL, conf=0.44, RSI=91.3, VIX=16.1, position=0"
2024-08-27,NEUTRAL,0.408,90.59,15.43,0,HOLD,"HOLD — pred=NEUTRAL, conf=0.41, RSI=90.6, VIX=15.4, position=0"
2024-08-28,NEUTRAL,0.3932,82.3,17.11,0,HOLD,"HOLD — pred=NEUTRAL, conf=0.39, RSI=82.3, VIX=17.1, position=0"
2024-08-29,DOWN,0.4043,82.61,15.65,0,HOLD,"HOLD — pred=DOWN, conf=0.40, RSI=82.6, VIX=15.6, position=0"
2024-08-30,UP,0.3897,78.1,15.0,0,HOLD,"HOLD — pred=UP, conf=0.39, RSI=78.1, VIX=15.0, position=0"
2024-09-03,DOWN,0.39,53.28,20.72,0,HOLD,"HOLD — pred=DOWN, conf=0.39, RSI=53.3, VIX=20.7, position=0"
2024-09-04,DOWN,0.3697,48.21,21.32,0,HOLD,"HOLD — pred=DOWN, conf=0.37, RSI=48.2, VIX=21.3, position=0"
2024-09-05,UP,0.3966,44.89,19.9,0,HOLD,"HOLD — pred=UP, conf=0.40, RSI=44.9, VIX=19.9, position=0"
2024-09-06,UP,0.3804,38.69,22.38,0,HOLD,"HOLD — pred=UP, conf=0.38, RSI=38.7, VIX=22.4, position=0"
2024-09-09,UP,0.3816,39.2,19.45,0,HOLD,"HOLD — pred=UP, conf=0.38, RSI=39.2, VIX=19.5, position=0"
2024-09-10,DOWN,0.3559,36.23,19.08,0,HOLD,"HOLD — pred=DOWN, conf=0.36, RSI=36.2, VIX=19.1, position=0"
2024-09-11,DOWN,0.3591,42.72,17.69,0,HOLD,"HOLD — pred=DOWN, conf=0.36, RSI=42.7, VIX=17.7, position=0"
2024-09-12,NEUTRAL,0.3585,46.32,17.07,0,HOLD,"HOLD — pred=NEUTRAL, conf=0.36, RSI=46.3, VIX=17.1, position=0"
2024-09-13,UP,0.3897,40.08,16.56,0,HOLD,"HOLD — pred=UP, conf=0.39, RSI=40.1, VIX=16.6, position=0"
2024-09-16,DOWN,0.4176,30.41,17.14,0,HOLD,"HOLD — pred=DOWN, conf=0.42, RSI=30.4, VIX=17.1, position=0"
2024-09-17,UP,0.3916,29.44,17.61,0,HOLD,"HOLD — pred=UP, conf=0.39, RSI=29.4, VIX=17.6, position=0"
2024-09-18,DOWN,0.4872,40.24,18.23,0,HOLD,"HOLD — pred=DOWN, conf=0.49, RSI=40.2, VIX=18.2, position=0"
2024-09-19,DOWN,0.4741,48.67,16.33,0,HOLD,"HOLD — pred=DOWN, conf=0.47, RSI=48.7, VIX=16.3, position=0"
2024-09-20,UP,0.4756,48.84,16.15,0,BUY,"UP predicted (conf=0.48), RSI=48.8 oversold, VIX=16.1 calm"
2024-09-23,UP,0.4477,56.17,15.89,1,HOLD,"HOLD — pred=UP, conf=0.45, RSI=56.2, VIX=15.9, position=1"
2024-09-24,NEUTRAL,0.3731,61.26,15.39,1,HOLD,"HOLD — pred=NEUTRAL, conf=0.37, RSI=61.3, VIX=15.4, position=1"
2024-09-25,NEUTRAL,0.3996,57.02,15.41,1,HOLD,"HOLD — pred=NEUTRAL, conf=0.40, RSI=57.0, VIX=15.4, position=1"
2024-09-26,NEUTRAL,0.3982,61.96,15.37,1,HOLD,"HOLD — pred=NEUTRAL, conf=0.40, RSI=62.0, VIX=15.4, position=1"
2024-09-27,NEUTRAL,0.3753,62.21,16.96,1,HOLD,"HOLD — pred=NEUTRAL, conf=0.38, RSI=62.2, VIX=17.0, position=1"
2024-09-30,DOWN,0.408,69.78,16.73,1,SELL,"DOWN predicted (conf=0.41), RSI=69.8"
2024-10-01,DOWN,0.4322,54.82,19.26,0,HOLD,"HOLD — pred=DOWN, conf=0.43, RSI=54.8, VIX=19.3, position=0"
2024-10-02,UP,0.3852,55.38,18.9,0,HOLD,"HOLD — pred=UP, conf=0.39, RSI=55.4, VIX=18.9, position=0"
2024-10-03,NEUTRAL,0.3683,54.16,20.49,0,HOLD,"HOLD — pred=NEUTRAL, conf=0.37, RSI=54.2, VIX=20.5, position=0"
2024-10-04,UP,0.4294,65.84,19.21,0,HOLD,"HOLD — pred=UP, conf=0.43, RSI=65.8, VIX=19.2, position=0"
2024-10-07,DOWN,0.3707,56.5,22.64,0,HOLD,"HOLD — pred=DOWN, conf=0.37, RSI=56.5, VIX=22.6, position=0"
2024-10-08,UP,0.386,56.7,21.42,0,HOLD,"HOLD — pred=UP, conf=0.39, RSI=56.7, VIX=21.4, position=0"
2024-10-09,NEUTRAL,0.4069,51.0,20.86,0,HOLD,"HOLD — pred=NEUTRAL, conf=0.41, RSI=51.0, VIX=20.9, position=0"
2024-10-10,UP,0.3622,51.26,20.93,0,HOLD,"HOLD — pred=UP, conf=0.36, RSI=51.3, VIX=20.9, position=0"
2024-10-11,UP,0.387,51.63,20.46,0,HOLD,"HOLD — pred=UP, conf=0.39, RSI=51.6, VIX=20.5, position=0"
2024-10-14,UP,0.3763,55.47,19.7,0,HOLD,"HOLD — pred=UP, conf=0.38, RSI=55.5, VIX=19.7, position=0"
2024-10-15,DOWN,0.3875,59.98,20.64,0,HOLD,"HOLD — pred=DOWN, conf=0.39, RSI=60.0, VIX=20.6, position=0"
2024-10-16,NEUTRAL,0.4654,55.55,19.58,0,HOLD,"HOLD — pred=NEUTRAL, conf=0.47, RSI=55.5, VIX=19.6, position=0"
2024-10-17,UP,0.3535,55.66,19.11,0,HOLD,"HOLD — pred=UP, conf=0.35, RSI=55.7, VIX=19.1, position=0"
2024-10-18,UP,0.3895,52.77,18.03,0,HOLD,"HOLD — pred=UP, conf=0.39, RSI=52.8, VIX=18.0, position=0"
2024-10-21,NEUTRAL,0.3615,66.66,18.37,0,HOLD,"HOLD — pred=NEUTRAL, conf=0.36, RSI=66.7, VIX=18.4, position=0"
2024-10-22,NEUTRAL,0.3831,64.7,18.2,0,HOLD,"HOLD — pred=NEUTRAL, conf=0.38, RSI=64.7, VIX=18.2, position=0"
2024-10-23,DOWN,0.4345,57.3,19.24,0,HOLD,"HOLD — pred=DOWN, conf=0.43, RSI=57.3, VIX=19.2, position=0"
2024-10-24,UP,0.3742,55.56,19.08,0,HOLD,"HOLD — pred=UP, conf=0.37, RSI=55.6, VIX=19.1, position=0"
2024-10-25,UP,0.3758,66.39,20.33,0,HOLD,"HOLD — pred=UP, conf=0.38, RSI=66.4, VIX=20.3, position=0"
2024-10-28,NEUTRAL,0.3584,63.84,19.8,0,HOLD,"HOLD — pred=NEUTRAL, conf=0.36, RSI=63.8, VIX=19.8, position=0"
2024-10-29,NEUTRAL,0.4136,58.58,19.34,0,HOLD,"HOLD — pred=NEUTRAL, conf=0.41, RSI=58.6, VIX=19.3, position=0"
2024-10-30,DOWN,0.4035,51.95,20.35,0,HOLD,"HOLD — pred=DOWN, conf=0.40, RSI=52.0, VIX=20.4, position=0"
2024-10-31,UP,0.3802,47.25,23.16,0,HOLD,"HOLD — pred=UP, conf=0.38, RSI=47.3, VIX=23.2, position=0"
2024-11-01,UP,0.4943,35.58,21.88,0,BUY,"UP predicted (conf=0.49), RSI=35.6 oversold, VIX=21.9 calm"
2024-11-04,UP,0.4236,28.43,21.98,1,HOLD,"HOLD — pred=UP, conf=0.42, RSI=28.4, VIX=22.0, position=1"
2024-11-05,UP,0.3674,34.46,20.49,1,HOLD,"HOLD — pred=UP, conf=0.37, RSI=34.5, VIX=20.5, position=1"
2024-11-06,DOWN,0.5315,32.65,16.27,1,SELL,"DOWN predicted (conf=0.53), RSI=32.6"
2024-11-07,DOWN,0.4391,37.07,15.2,0,HOLD,"HOLD — pred=DOWN, conf=0.44, RSI=37.1, VIX=15.2, position=0"
2024-11-08,UP,0.4075,33.37,14.94,0,BUY,"UP predicted (conf=0.41), RSI=33.4 oversold, VIX=14.9 calm"
2024-11-11,UP,0.3634,31.02,14.97,1,HOLD,"HOLD — pred=UP, conf=0.36, RSI=31.0, VIX=15.0, position=1"
2024-11-12,UP,0.3755,37.37,14.71,1,HOLD,"HOLD — pred=UP, conf=0.38, RSI=37.4, VIX=14.7, position=1"
2024-11-13,DOWN,0.3878,39.83,14.02,1,HOLD,"HOLD — pred=DOWN, conf=0.39, RSI=39.8, VIX=14.0, position=1"
2024-11-14,DOWN,0.373,44.72,14.31,1,HOLD,"HOLD — pred=DOWN, conf=0.37, RSI=44.7, VIX=14.3, position=1"
2024-11-15,UP,0.371,35.98,16.14,1,HOLD,"HOLD — pred=UP, conf=0.37, RSI=36.0, VIX=16.1, position=1"
2024-11-18,UP,0.4791,41.52,15.58,1,HOLD,"HOLD — pred=UP, conf=0.48, RSI=41.5, VIX=15.6, position=1"
2024-11-19,NEUTRAL,0.4394,47.25,16.35,1,HOLD,"HOLD — pred=NEUTRAL, conf=0.44, RSI=47.3, VIX=16.4, position=1"
2024-11-20,NEUTRAL,0.3567,56.67,17.16,1,HOLD,"HOLD — pred=NEUTRAL, conf=0.36, RSI=56.7, VIX=17.2, position=1"
2024-11-21,UP,0.373,63.0,16.87,1,HOLD,"HOLD — pred=UP, conf=0.37, RSI=63.0, VIX=16.9, position=1"
2024-11-22,UP,0.4434,67.65,15.24,1,HOLD,"HOLD — pred=UP, conf=0.44, RSI=67.6, VIX=15.2, position=1"
2024-11-25,UP,0.4771,69.71,14.6,1,HOLD,"HOLD — pred=UP, conf=0.48, RSI=69.7, VIX=14.6, position=1"
2024-11-26,NEUTRAL,0.4385,74.22,14.1,1,HOLD,"HOLD — pred=NEUTRAL, conf=0.44, RSI=74.2, VIX=14.1, position=1"
2024-11-27,NEUTRAL,0.4622,68.02,14.1,1,HOLD,"HOLD — pred=NEUTRAL, conf=0.46, RSI=68.0, VIX=14.1, position=1"
2024-11-29,UP,0.3655,72.07,13.51,1,HOLD,"HOLD — pred=UP, conf=0.37, RSI=72.1, VIX=13.5, position=1"
2024-12-02,NEUTRAL,0.3757,83.36,13.34,1,HOLD,"HOLD — pred=NEUTRAL, conf=0.38, RSI=83.4, VIX=13.3, position=1"
2024-12-03,NEUTRAL,0.4006,85.31,13.3,1,HOLD,"HOLD — pred=NEUTRAL, conf=0.40, RSI=85.3, VIX=13.3, position=1"
2024-12-04,NEUTRAL,0.4283,85.01,13.45,1,HOLD,"HOLD — pred=NEUTRAL, conf=0.43, RSI=85.0, VIX=13.4, position=1"
2024-12-05,NEUTRAL,0.3862,82.96,13.54,1,HOLD,"HOLD — pred=NEUTRAL, conf=0.39, RSI=83.0, VIX=13.5, position=1"
2024-12-06,NEUTRAL,0.3714,95.84,12.77,1,HOLD,"HOLD — pred=NEUTRAL, conf=0.37, RSI=95.8, VIX=12.8, position=1"
2024-12-09,UP,0.4016,96.02,14.19,1,HOLD,"HOLD — pred=UP, conf=0.40, RSI=96.0, VIX=14.2, position=1"
2024-12-10,NEUTRAL,0.3924,96.16,14.18,1,HOLD,"HOLD — pred=NEUTRAL, conf=0.39, RSI=96.2, VIX=14.2, position=1"
2024-12-11,DOWN,0.396,90.36,13.58,1,HOLD,"HOLD — pred=DOWN, conf=0.40, RSI=90.4, VIX=13.6, position=1"
2024-12-12,NEUTRAL,0.3581,92.89,13.92,1,HOLD,"HOLD — pred=NEUTRAL, conf=0.36, RSI=92.9, VIX=13.9, position=1"
2024-12-13,DOWN,0.3507,92.5,13.81,1,HOLD,"HOLD — pred=DOWN, conf=0.35, RSI=92.5, VIX=13.8, position=1"
2024-12-16,UP,0.3975,92.47,14.69,1,HOLD,"HOLD — pred=UP, conf=0.40, RSI=92.5, VIX=14.7, position=1"
2024-12-17,UP,0.3667,92.56,15.87,1,HOLD,"HOLD — pred=UP, conf=0.37, RSI=92.6, VIX=15.9, position=1"
2024-12-18,DOWN,0.5086,74.35,27.62,1,SELL,"DOWN predicted (conf=0.51), RSI=74.4"
2024-12-19,DOWN,0.4137,73.71,24.09,0,HOLD,"HOLD — pred=DOWN, conf=0.41, RSI=73.7, VIX=24.1, position=0"
2024-12-20,UP,0.4597,75.94,18.36,0,HOLD,"HOLD — pred=UP, conf=0.46, RSI=75.9, VIX=18.4, position=0"
2024-12-23,UP,0.4218,73.87,16.78,0,HOLD,"HOLD — pred=UP, conf=0.42, RSI=73.9, VIX=16.8, position=0"
2024-12-24,NEUTRAL,0.4238,76.18,14.27,0,HOLD,"HOLD — pred=NEUTRAL, conf=0.42, RSI=76.2, VIX=14.3, position=0"
2024-12-26,NEUTRAL,0.4053,76.81,14.73,0,HOLD,"HOLD — pred=NEUTRAL, conf=0.41, RSI=76.8, VIX=14.7, position=0"
2024-12-27,DOWN,0.4395,69.3,15.95,0,HOLD,"HOLD — pred=DOWN, conf=0.44, RSI=69.3, VIX=15.9, position=0"
